<beans xmlns="http://www.springframework.org/schema/beans"
   xmlns:context="http://www.springframework.org/schema/context"
   xmlns:xsi="http://www.w3.org/2001/XMLSchema-instance"
   xsi:schemaLocation="
   http://www.springframework.org/schema/beans     
   http://www.springframework.org/schema/beans/spring-beans-3.0.xsd
   http://www.springframework.org/schema/context 
   http://www.springframework.org/schema/context/spring-context-3.0.xsd">

   <context:annotation-config/>
   <context:component-scan base-package="org.crescent" />
<bean id="dataSource" class="org.springframework.jdbc.datasource.DriverManagerDataSource">

<property name="driverClassName" value="oracle.jdbc.OracleDriver"/>
<property name="url" value="jdbc:oracle:thin:@127.0.0.1:1521:XE"/>
<property name="username" value="system"/>
<property name="password" value="password"/>
</bean>
  

</beans>