<?xml version="1.0" encoding="UTF-8"?>
<beans xmlns="http://www.springframework.org/schema/beans"
	xmlns:xsi="http://www.w3.org/2001/XMLSchema-instance"
	xsi:schemaLocation="http://www.springframework.org/schema/beans http://www.springframework.org/schema/beans/spring-beans.xsd">


<bean id="address" class="com.capgemini.Address">
<property name="city" value="Pune"/>
</bean>
<bean id="employee" class="com.capgemini.Employee">
<property name="employeeId" value="101"/>
<property name="name" value="Sachin"/>
<property name="address" ref="address"/>
</bean>

</beans>
